﻿Name,HEX,RGB,Values
White,#FFFFFF,"rgb(100,100,100)",4
Silver,#C0C0C0,"rgb(75,75,75)",NaN
Gray,#808080,"rgb(50,50,50)",13
Black,#000000,"rgb(0,0,0)",NaN
Red,#FF0000,NaN,11
Maroon,#800000,"rgb(50,0,0)",90
Yellow,#FFFF00,"rgb(100,100,0)",80
Olive,#808000,"rgb(50,50,0)",70
Lime,#00FF00,"rgb(0,100,0)",NaN
Green,#008000,"rgb(0,50,0)",50
Aqua,#00FFFF,NaN,NaN
Teal,#008080,"rgb(0,50,50)",30
Blue,#0000FF,"rgb(0,0,100)",NaN
Navy,#000080,NaN,10
Fuchsia,#FF00FF,"rgb(100,0,100)",NaN
Purple,#800080,NaN,12
